<?xml version="1.0" encoding="UTF-8"?>
<metadata modelVersion="1.1.0">
  <groupId>com.sikulix</groupId>
  <artifactId>sikulix2tigervnc</artifactId>
  <version>2.0.0-SNAPSHOT</version>
  <versioning>
    <snapshot>
      <timestamp>20180306.143551</timestamp>
      <buildNumber>15</buildNumber>
    </snapshot>
    <lastUpdated>20180308065806</lastUpdated>
    <snapshotVersions>
      <snapshotVersion>
        <classifier>javadoc</classifier>
        <extension>jar</extension>
        <value>2.0.0-20180306.143551-15</value>
        <updated>20180306143551</updated>
      </snapshotVersion>
      <snapshotVersion>
        <classifier>sources</classifier>
        <extension>jar</extension>
        <value>2.0.0-20180306.143551-15</value>
        <updated>20180306143551</updated>
      </snapshotVersion>
      <snapshotVersion>
        <extension>jar</extension>
        <value>2.0.0-20180306.143551-15</value>
        <updated>20180306143551</updated>
      </snapshotVersion>
      <snapshotVersion>
        <extension>pom</extension>
        <value>2.0.0-20180306.143551-15</value>
        <updated>20180306143551</updated>
      </snapshotVersion>
    </snapshotVersions>
  </versioning>
</metadata>
